Type,Name,Description,Image,Reference
Person,Tawada Yoko,tktk,tktk,tktk
Person,Minegishi Masayuki,tktk,tktk,tktk
Person,Ishii Rio,tktk,tktk,tktk
Person,Kitashiro Natsuki,tktk,tktk,tktk
Person,Kimura Yohei,tktk,tktk,tktk
Person,Fujita Yuta,tktk,tktk,tktk
Person,Onogawa Takashi,tktk,tktk,tktk
Person,Maekawa Tetsuya,tktk,tktk,tktk
Person,Hayashi Kunihiko,tktk,tktk,tktk
Person,Katsuoka Daiki,tktk,tktk,tktk
Person,Hayashi Yosuke,tktk,tktk,tktk
Person,Kuwabara Takashi,tktk,tktk,tktk
Person,Imai Eriko,tktk,tktk,tktk
Person,Chono Shintaro,tktk,tktk,tktk
